AAPL,AMGN,AXP,BA,CAT,CRM,CSCO,CVX,DIS,DOW,GS,HD,HON,IBM,INTC,JNJ,JPM,KO,MCD,MMM,MRK,MSFT,NKE,TRV,UNH,V,VZ,WBA,WMT
115541600,4504300,5524300,15504600,6179000,7084200,29925300,16401800,10185500,8056100,3312400,4084600,3297800,5859000,51828400,8054800,13985700,22045300,3174200,5090400,13035000,46444500,6932200,1404100,3500500,12380600,25182400,10731000,6731200
86213900,2498200,3471200,12265100,4026400,6387100,22438500,16169700,8573300,6659400,3303700,3406800,3053300,6206400,35386100,8154700,14584900,20841700,2496500,2987900,10803300,40950400,6695000,1290300,3148600,12247200,33045600,6054500,6774400
84914300,2397800,2841400,7843700,3492300,9378900,23316700,10906700,9529900,5463400,2742400,3839300,2835900,5357200,37962700,7382800,12441100,20225600,2371500,3191300,13988200,36636000,5491700,1827600,3026800,10590500,24160200,5927300,6049900
89418100,3002400,3380900,7054700,2748200,12826600,19260500,9447700,9820600,5363800,2372900,4009700,8679900,6100800,42145800,6240400,12474900,19440500,2242200,2608700,19181400,43730000,5240200,1280200,4370900,9968000,21219800,5413300,6913700
82465400,3162000,4075800,5952600,3930800,6176500,19675900,13034700,8061100,4995100,3762300,3728100,5479900,4142000,32431500,6392200,16654400,17403700,1989700,4046500,10716200,35096500,4313400,1615900,3066400,10848100,16199800,6438200,7345500
77251200,3596400,3260800,11816900,2402000,3922300,14450200,18422500,10937500,6214400,2635600,2809300,3457800,3759000,27558500,6065700,12572300,17846400,1959300,2441100,23615300,28533300,3877500,1635000,2937200,5984500,15438900,5010200,6670100
74829200,8394800,5133900,7356200,2407100,5628700,15219900,11021600,9231700,5595500,3422300,3225100,2735800,4181800,28051200,6296100,20411400,18771700,2920000,2373900,17486500,32421200,5829400,2331500,3534700,7542000,13911700,7479600,6486300
71285000,5075200,4614200,7587700,2743700,6107700,19136700,10140800,22877400,5515900,2250400,2777500,3210500,5393500,35217300,5387500,9131100,23595600,2379300,2143600,15183100,31284700,4551000,1512500,2818100,7772800,16449300,10266500,7157900
90865900,5035000,4511100,11695900,3538500,5312600,19730600,11012700,42500300,6537200,2406200,4291800,3659600,5978600,32762700,10355300,16455600,23561500,3246600,3633200,12437600,45386200,5142600,1587100,2626100,6794600,18644400,7382600,9270200
98670700,3557700,4834900,11443700,3826700,8165600,20132500,12821200,17975200,6042100,3142100,3308700,5323500,4176200,37208200,13125300,16830000,22781400,3592700,3632700,9342300,39175600,6710500,1460300,2493800,7535200,18833100,7927400,7911100
86185500,3931500,3841300,6481400,2730500,7005900,21868400,15945000,14694700,4472000,2585600,3654300,3156800,5345300,28456900,8967600,17026500,23641300,2825800,4634400,9881100,36359500,6841200,1673400,2549500,8280800,16081700,6819700,9787800
62527400,2474500,4134300,10448500,2752600,6353000,17678000,11746800,12726000,4076800,1846400,3552500,2828500,4394000,35837900,6631400,9500000,13408700,2171500,3335800,11425600,27058300,7820200,1174800,3001000,9461700,12824100,5060800,7274800
61177400,2369000,4122600,5698900,2253900,7072700,20388700,11348800,10656400,5613600,2165300,3594900,3085600,4875600,26022900,8482400,9076500,15484700,2941800,4470000,9981300,29982100,4817500,1224600,2651800,9561300,17277700,4655400,9496900
69589300,2157000,3051700,6176600,4699600,8820100,32884700,10073900,8110300,3927800,3102400,3927000,3075900,6797000,32030600,6227600,11367500,21468700,2831900,6207700,8889300,32461600,5202300,1126400,2403100,8131200,17462500,4414800,17943800
82772700,2795800,2806300,6973600,4385200,6691800,35626200,10691800,10785500,5078900,2910900,5526100,5038400,4609200,76520100,6423200,11733300,21975000,2813500,5018800,8780500,34264000,5177400,1166400,2992300,8121200,20298500,4599100,10367800
91162800,2835900,3420600,10382100,3488000,8434800,25188300,19428700,12227200,5664000,2590800,19752800,4008000,5349700,57093300,6868900,11333500,21731400,3980500,4509100,9052500,41736100,9604500,1835900,3029800,9928800,19858400,7622900,8460300
90009200,2994800,3562100,7326300,3550400,7784300,22033700,16134200,9300700,5155100,2217300,11026000,3582400,4086400,38176700,8016900,11799000,19248500,3497200,3846600,9659100,37811200,7636600,1374100,2840300,8669900,17841900,5040400,7010300
141147500,3746700,5886600,12207600,5919500,11792600,27739300,22108900,12475500,8108500,4564000,8416700,5899700,6563200,72740100,12883400,25655100,27207400,4856000,6107100,21135600,56989700,8417200,2460900,3933000,13463400,30079700,8433700,10572500
91974200,3557100,5426200,8730300,3594600,5853600,18963700,28028000,10149500,5445200,2980500,6510600,5001000,4460900,39266300,11340400,18367700,21487800,4549700,6732700,13665900,32546700,5424500,1508100,3314400,8463600,31444200,5700000,8332600
95056600,4738100,5787800,9859300,5168500,7904700,23868700,24394300,10834700,6438200,4245700,5735100,4111100,6757300,41946100,9373500,31315300,25879100,4410400,4215300,14126100,34627500,6613300,1866600,3918300,8409400,30593900,7033000,8762200
83474400,4573500,8562500,11799500,5110600,12587300,17799600,31159900,8944000,7668100,5631500,5640900,5463000,4873300,53853000,8737800,36840400,15871100,3910700,3313900,9807300,31217800,6534000,1677800,2917600,9317800,24693100,5292000,8008300
79724800,3387200,4058800,7463400,5849900,16670100,18660000,31329500,7851000,6499800,3469900,5645600,5340700,4891400,46936500,6793300,19405600,17319100,4482000,3734600,9697500,31873000,7743900,1441700,3675900,8865700,20712900,6247200,7954600
76678400,3638400,3339900,12424500,4429700,6559900,16794600,22492900,8048400,4514800,2393700,3858400,5022900,5206600,36389900,7333700,16640800,21262800,4707400,3804200,8191100,27314500,4576500,1170900,3139400,8610000,27577700,7234300,9961700
83737200,3764400,5348600,13084000,4334700,6813600,16729000,29034400,12913000,5869500,3293100,3630900,5062000,4402400,38310700,6302500,21016000,17163000,4184100,3235200,12216300,32356500,7084500,1156800,4170100,10912300,26913800,9597600,11858800
96418800,3713200,7760400,12847500,6912300,7043500,21350900,34824700,14549700,6987800,3689900,4670000,3533800,5047400,43813700,11663400,27560100,29151400,5425000,4554000,14008400,43157200,11383400,1394800,4123300,13412400,24962800,6674400,15290000
131148300,2974900,7058900,13715500,9318600,8229000,23642400,57231000,16552000,6583400,3596400,5092500,4575000,4887600,44813900,11100300,19207800,30242100,5258800,4605300,10184100,48159500,9089400,1510300,3849500,11070900,36526700,5710100,9435200
91454900,2640900,4788200,10062100,4798300,6881300,19150900,43430000,14673100,7484700,3202100,4443600,2899400,4403500,36076500,7248200,17536200,23022700,5630500,3337300,9746000,35204500,8845100,1358900,3115500,8457600,23049800,5408400,7374300
105342000,3957200,3840900,8364100,4886300,5604200,18550900,34913600,8447200,5421000,2232600,3895200,2455400,5326800,36456000,6171400,15604200,20887300,5444900,3794000,8972200,30628000,7167400,1445900,2834800,7061600,17501800,4999800,9170900
96970100,2667000,3000000,9373600,4045500,5196900,20330300,28423600,7058400,6140000,2613500,2973300,2725500,4119600,27082100,5188000,20061800,19855600,6126300,4149400,9424500,27209300,5882000,1391700,2615000,5432100,20838500,5738000,6387400
108732100,2902700,4614600,8138900,3530700,5665500,17977500,25156200,9971500,5836200,2342200,3604200,3002100,3289200,35993900,7729500,15786900,17799400,4436100,3910100,10085400,30660700,13884900,1945600,2704100,7994700,23124100,5277600,7548800
92964300,3178200,3827300,8051500,4364200,5276300,18829100,28534400,9834800,8354400,2140700,3775300,3922800,4021200,34448900,10554400,15096600,18607200,5087400,3337300,11403000,34245100,10431300,1730500,3043000,8277700,20477600,3850000,7624200
102300200,4220300,5239300,12077500,4378700,6043400,21821800,22299700,10638700,6154800,3468500,3942400,4132700,4292800,38885500,9603300,20354900,17347300,4173200,3813800,10944000,37826300,11100400,1923200,3497100,9232300,28500700,7484100,8205300
75615400,3262300,6398900,8126600,3600400,5842600,18830500,15750700,6816000,9420600,2403500,3123200,3153500,3671900,28555000,7472100,17050500,15586200,3752800,2786700,10279400,30816600,6845300,1641900,2357200,6668500,22931500,5736100,6341000
123511700,7617100,8744100,12849600,4105100,12220600,51807200,23214700,11308800,9510800,5861900,9409600,8748600,7466000,46237100,13809500,23656500,30197800,5336500,7882100,21064800,43390600,10350900,3953800,5065600,14620800,70390600,11369500,10411100
95811400,2385200,3166200,27369600,2902200,6448700,29174600,13180600,9090300,4836500,3401200,4521200,3500600,3384600,32910900,7574900,12676100,17440100,3704000,4514900,10478300,28351200,14388500,1383900,2617700,6101500,39892800,5642400,7116900
81532000,2212200,3007000,14378500,2461500,7018800,29287900,11063900,8511600,5136700,2840200,4852800,2369500,2690200,27923300,8442100,13548600,17559500,2938100,4252000,10016600,27599700,19731200,1423000,2752500,6259900,28676600,7009800,6745000
98062700,2533100,3664600,8297800,2001700,8404700,19742100,10755000,8761300,2936100,2196800,5207700,1816100,2924500,37126400,5254200,12093200,15529200,2200500,2637200,8470400,25715400,8068800,937500,2753200,6008000,25988800,7986700,6541800
90131400,2349000,2424400,7094400,2110900,4150300,20551500,9024800,5858800,3611400,1944100,4599900,2197800,2971100,51677900,5012300,10017600,13151300,2337500,2028100,7605000,24484500,5853800,959100,2789200,5487000,21087300,5413600,4480300
80546200,1424500,1871900,6365600,1581100,3656500,18090600,10254700,5949400,3962900,1580800,5176500,2543100,3530200,33239800,4809500,8383500,12259800,2134800,2247800,7125600,22566500,6287000,855600,2551100,5051400,18765800,4694200,4695100
90371900,2045300,3043700,6904100,3072500,4290900,17164600,9992000,8456100,3879300,2182600,3936600,3270500,2483500,22932400,5604200,10818100,11485200,2041800,2679900,7071900,29578200,5804100,593600,2643000,4316800,21688600,4496800,6701900
100589400,2230600,2764100,8438700,3667800,5370400,20036500,15102600,11280700,4225600,2378700,5306100,3350300,5791000,27303700,5933400,11316500,14720600,2657400,2693200,7398700,30393400,7275900,1369900,3478400,8032500,28193400,5122900,6644800
92633200,2593300,2278000,9959300,2507400,4951200,16125400,9906000,7922400,3145900,2650200,7223800,2427500,2622900,24623300,6277600,8771000,13641000,2227300,2395100,9326600,28163600,5545800,959100,3041200,7084000,23821200,8034400,8330500
103049300,3102800,3801600,6447900,3152100,7141300,27587700,10395900,12306500,4302100,2632000,11044600,3276000,4274000,43698300,11490400,17353900,16822900,3803400,3193800,12466800,33422100,7206500,1178100,3979700,10759500,31027600,23284700,9054600
78751300,1883900,2647000,4862100,2618300,6007900,17465100,8795300,10341000,3317100,2444800,5554600,2286600,4012400,46598600,6525600,15721300,12644900,2023000,2196400,10086700,27110500,5807500,1079800,2344100,6559600,30550300,15009400,6979900
76468400,3518800,2971400,7792100,2181300,7843600,19629200,8718600,8174600,3650000,2569400,4659500,2051200,2809800,23784900,6860600,17416400,11505800,2500700,2631800,9039600,24289600,5307300,1026200,2657500,8521200,25793000,9752600,8444200
73401800,2180800,2974700,9371600,3582100,7304600,16063600,9538200,8694100,3432500,2573900,4376100,2293800,3107200,25779200,7446100,12110300,15721200,2532500,2148600,12040900,23156700,5707800,835400,3268600,4658000,23150600,7911800,6219300
89058800,3869000,3143300,8173900,2783300,7171300,19644100,9269000,11679700,4977000,3151300,6499900,2942500,3958100,31518700,10330900,12914700,19267400,2886000,2705500,13924300,40110400,6961000,1021500,3955600,7430000,28661700,10504500,9339500
77594700,2674400,4062400,7517800,2253600,5246000,15739000,8018400,9858700,4644800,3562600,5241000,2201500,3538300,24117000,7385200,12994200,13960800,4041800,2199000,13104300,31411200,5320500,874800,2867000,6995100,22790600,9526400,9029400
76575500,2745800,3075600,6524100,2450200,3897700,18148200,10801200,6702000,3913900,3294200,5741900,2877800,3143300,22167300,7144500,13126900,12703500,2551000,2790500,11409300,24361900,4877400,1120600,3986700,5438600,24852200,6164900,7764800
72246700,2975200,4816800,6001100,2494700,5173800,20992100,10206100,9915300,2760400,2747700,4100600,2700700,3202500,30352500,5932000,10466400,12720100,2326700,2478800,14381000,34569300,6365400,1219500,3574000,6942700,33614900,7698500,8237600
79265200,2261100,4348900,6125100,2508200,4832200,25254200,9528400,7885600,4137300,2365200,4122600,3098800,2691000,29861400,5957500,12989900,18089900,2724900,2612900,12543000,30966700,5146800,1116700,3575700,7446600,21136400,5168200,8920400
70618900,2402800,2980600,7399900,1898900,8733000,17004600,7330700,7694500,3465600,3022900,3185300,2391300,3064900,22171300,5643100,30838000,11883000,2133800,1992100,12743800,21907200,5119300,847300,3012000,8052900,19798000,12014100,9761500
75329400,2861800,2667100,5144600,5337900,5126700,18024800,9421100,7283500,7000200,5460900,4569200,4275800,6384200,36181800,6188200,18835200,16388400,2105900,2331100,22096100,28221600,12811300,992100,4211300,8191600,16915100,5289700,7453500
69023900,3615500,2182700,5042600,3644000,4899500,13990700,7639000,10571000,4958900,3653400,3192400,1958000,4884200,25593100,6318700,11834400,11679400,1426600,1775800,7995100,20778000,5298200,1351500,2087100,4744400,14394300,3679100,4890600
67723800,2355100,2713800,7485600,2689400,6120400,15490900,6970200,12767200,5292500,2774800,3389700,3340700,7971400,31483100,14380800,15015400,11993800,2324500,2296000,8494700,22297700,7346100,2750300,2207600,5028800,12890000,5328200,5285000
67929800,1888100,2256200,6824300,2907700,6015400,19526200,7495000,36465700,5021500,3040100,4720800,2622900,17859200,22787100,8044900,13430200,14827100,2278700,1979900,8719400,22906700,5309700,2340300,2986300,7178300,19563400,5661600,6607200
87227800,2117300,3973200,7446100,3571400,9119500,17147300,14594800,18688600,10282500,3097800,3014200,2418200,9922300,27316900,6969200,12174200,15120400,2476900,2337200,8562400,29454600,6562400,1846800,2539900,8850300,32821100,7106000,6056100
84882400,2617800,4373700,6372400,5053700,8843900,17693000,12160100,19472800,7439400,3125200,4043200,3040800,6508600,28219900,8003600,14318800,14902200,2643600,3157400,7914000,29405800,7321700,1541400,3453300,6201100,44958400,5956500,7015400
96046400,2271000,4408900,6293100,4145500,7988900,18677000,15449800,16491000,7252100,3093600,4396900,2397500,5748300,35999300,11176500,17149000,25082000,2523000,3432200,10573400,35678900,6512500,1502600,3030400,6839400,46028400,6572700,6019200
95623200,3306000,3728100,9277300,4176700,8073300,19238300,9810600,16116000,6612800,2791700,3415200,2849000,4956200,35356600,10190000,17209500,21982600,2948500,4840400,9009600,46518400,7977900,1807100,2895300,8155300,29507700,6051100,6533700
88063200,2973500,4085800,40371700,3358300,9644600,33668600,10396600,15553000,5412300,2469300,3446200,3053500,4369100,28320900,11090100,17215200,16971000,2706500,3124300,10781300,63477700,6007800,1827500,3353700,15955800,30582000,6936900,5832300
130216800,6609500,2703200,13518800,6092800,10614800,20170700,9366400,23192100,5532300,2176000,4149500,3424500,4474300,41097000,9403900,13015600,22010600,3547400,2537700,21092300,33646600,6551600,1020700,2582700,10799100,33011700,6055500,4985300
131747600,4029300,3210100,10880300,3404000,7110800,20281400,14713200,16907000,6499800,3129600,4878200,7248500,5078700,70765900,8463100,14874800,20137100,3388000,4152300,15914200,37073900,5867900,1329700,2873200,7965000,41014200,11835500,7029600
123055300,4154800,3881800,12399200,2639500,6278400,22499200,11559000,14300700,7250100,2968100,4233900,7099600,4213500,45446500,7145400,18545000,24970300,3418700,3717300,12124900,35151100,5428400,1496600,3184300,8803700,33309400,7691500,6672000
88966500,2443800,3152300,10149500,2121100,5047700,15828200,8827200,11149500,4599500,2606200,3336600,5359800,3688600,40158400,5898700,15720900,21686300,2562000,2508700,8425600,25978600,8201200,1077600,2763400,6616900,33263100,6968800,5983500
108256500,2494900,2930400,9550600,3023700,7563100,23942300,9183200,11488300,5589800,2629400,4021300,5483700,5932600,44625600,5923000,17128500,19780200,3289300,3694200,10763500,33599300,6924000,1474100,4002600,7191100,29564600,9181800,6674200
130525300,3357100,2987100,7950800,3005600,8379400,24846500,9807600,12720200,6530600,2622100,4959600,5759000,5957400,52996700,7089200,15055400,20155200,2925900,3315900,9548300,43260400,8411600,1486400,3359700,7749600,20664300,7885000,7744800
116124600,4682100,3129800,7697900,2268400,7232700,21743900,10418100,12525200,5807800,2375600,4325300,3624800,7306400,40916600,6434000,14417900,18984000,2964500,2470300,12227400,37780300,11237500,1216700,3260300,8825300,19322000,10631800,11419400
131577900,4376300,4485200,12593800,2929900,9997800,22421200,14110700,17941600,7266900,3234000,5243600,3781400,7647900,44925800,7855200,14312300,20055300,2918900,4163100,11901500,47726000,7506000,2043500,3862700,10314100,24391300,8900400,9402400
115366700,4234800,3014800,11781400,3040400,8598700,21741100,11636000,15657700,7885500,2798400,4392900,4767500,8642400,42770000,8186700,16382400,21322200,3070800,3503200,12370800,39336400,7526900,1468300,4275500,11016500,23007300,8095900,8287100
142689800,3411700,2644300,11388400,2552400,7220100,23872100,9105500,26933300,5683300,2320600,3880500,3283900,5301100,40351700,6138900,14630300,19648400,2833200,2748000,16338600,48975900,6611800,1170000,3936300,9427300,20133200,6218400,9292900
182602000,3733300,5314800,15891300,3282000,10187500,25951000,8936400,36298800,6035700,3408300,4447700,3990300,5384800,42329600,6898600,16318800,22574700,2861000,2819000,14210200,51033800,10245400,1315300,3997600,9308600,21623900,6545700,8414800
113990900,2631900,3625100,20891500,2323800,6499700,18954500,9229900,16782600,3924400,2152500,3949100,3237400,4195100,32034100,7732200,10443200,16167000,3255200,2753300,10308100,34925100,9618800,1189700,2453400,6684500,21080500,5781800,6654100
86643800,2414500,2811300,10631600,2540800,5065800,20254500,13296300,11993600,4028300,1568800,4267900,2624200,4250400,25071900,5516700,10269000,13223200,2147100,2713700,13999000,32550900,5722500,1259000,2338800,5161300,22754700,4919200,7149700
78336300,2344100,2928100,12154200,2275900,7317700,18780600,12827600,11847600,4502600,2096200,12425900,2723900,4372900,28596600,5751100,11160200,21300600,3204900,2106800,17582800,28828800,6026100,1300800,2289000,7265600,22043100,7089800,44313400
109742900,3376800,2697700,9567600,4723300,7454400,40672700,13107500,11794000,4623900,2033200,7799500,3185900,6003000,35218400,8608800,12664900,31437300,3946100,2958700,12717600,31356000,8188300,1094300,3240500,8748200,22365100,15164100,34751000
136095600,2414200,2768300,8075800,2887700,8382200,97674600,10958700,11285000,4988400,2108800,5211500,3126200,5819700,29181000,6874500,12765800,31493900,3518300,2746700,11121600,32692300,7702000,1110900,3813800,9012400,23186400,8323600,23669500
137426100,3860500,2982500,18822200,5404500,9068700,46148700,9615000,15650400,5232200,2201100,5621800,3884100,6914500,44802300,7522100,13150100,29133800,3208200,4195400,11757100,39199300,7621900,1959700,3068200,6966600,24181800,7370400,16452000
117726300,2272600,2726600,9341500,3246600,6148800,27366600,10216400,14402400,6582300,2653000,4305600,3726000,3591500,27199500,7040800,24376700,19406900,3053500,2836100,9067000,33175400,7136400,1453600,2279800,12187400,16761800,6888700,14560300
104132700,2667300,2817800,9092400,2467800,6928400,30053900,9782700,13970200,4664400,1870900,4241900,2842400,4189700,29837500,6419800,19324900,16154200,5258200,2638800,9021000,29043900,6023400,1008100,2658100,7458500,25414700,5290600,11528300
92482700,3538400,4381000,7707900,3080200,7436800,25504600,10174500,11026600,6264900,1929500,4612900,2512000,3299300,26283100,6558900,12780400,15360500,2641700,1876900,11177700,28547900,7158800,1192300,3161600,5457200,19831500,5544100,9040600
90601500,2222300,2463900,8333900,2016000,6697700,28294700,11213900,11297800,5732800,2440400,4170800,2238600,3929300,28826700,6897600,15990900,16159800,1972300,2127300,17249500,25002100,6520300,943100,2705800,9212300,15500400,7261800,9399200
90978500,2678900,2157500,7261500,2020400,7883600,23882100,10512300,13671300,4784300,2106700,3899300,2246400,4608000,30553300,5853600,11177800,17709000,2063800,1776700,9802000,26910800,5043000,943400,3349100,4897200,13347300,4928600,8433300
103718400,6737500,4123500,7953700,3773500,18114600,64821200,20547600,20274600,7876000,2722900,5966600,3503400,7978100,41111500,16391400,17015000,43159000,3924700,4144000,22860800,37827700,13774600,1948400,4003100,9586400,25016600,8192000,12304100
74286600,2664600,2276400,9991600,2314000,37037400,20666000,8824100,11829700,5958100,2330200,3080800,2361300,3796500,29885500,5175400,10768000,15408300,2264100,2410400,10492500,25292200,5543100,1084600,1765900,5246100,15358100,4691000,9511600
72348100,3916200,1707000,12777000,1784100,19231200,20546800,7441900,8829900,4598700,1957500,4086400,2510600,3734800,28727600,8666500,8374800,14586000,2089700,1901400,11066200,44008200,5838100,868900,2093500,5337200,13527800,4860000,7738100
88570300,2086500,1390700,10091800,2222500,9224000,17947000,8435300,6767600,4966800,1238900,2956600,2254900,4352200,33174700,4234200,8596000,13539900,1838900,1876300,7051600,28059000,5201500,1141200,1756900,4352500,10819800,4011900,6100900
71598400,2413700,1486000,6354800,1565400,5811700,12641900,6734200,7575900,3117300,1099700,2562000,1586200,4766900,25437100,5386500,11323500,15112800,1569300,1575600,8336900,22400300,3963400,753300,1781500,3965100,12898100,3611400,6618500
67808200,2693800,2083100,5436100,1799000,6331100,14667200,9668300,7279100,4873800,2516800,3547800,2130100,2887100,25168700,5447800,6722200,17886300,2782000,1805300,10243300,22860700,5373600,944500,2341900,4493300,15383000,4087000,15902600
53950200,2353900,2313900,5833700,4171300,6226200,16263800,8715200,7019500,3200900,1438100,3003100,1688800,3005700,59649900,4333100,8422100,10211500,2101300,1711400,10266000,17372300,4365800,669700,3268100,3646300,13249700,3291000,7507600
69473000,2695200,2273800,6010100,3045700,8467700,18417700,9764600,8261200,3113400,2896500,4168400,1674800,3591000,39047200,5509600,13560100,13382200,2682600,2168300,7381100,26439700,3892600,809700,3148800,5138600,12078400,5207300,6626700
91437900,2910900,2733300,7770700,2604100,7855800,20262400,9529700,15369700,6448900,3866900,4623900,2878700,4659500,43066200,6647300,12945200,14967600,1992300,5883900,8861600,31422800,6292600,1182000,2599900,5162500,19868500,6056600,8412700
122207100,4462300,4156500,16778500,3559400,10726200,29050800,14614900,15239700,8509300,4218100,4704600,4764300,6486000,50335900,7997000,16805600,23064200,4697000,4116000,12016100,46135800,6423100,1784800,3764600,7119200,23762500,6696700,8299300
84784300,3020800,3574800,17549800,2359000,8576200,22499100,10269300,12443700,7128900,2487700,3987000,3452500,4607800,31351700,7116800,13357900,24620000,3564800,2675200,11226900,28651500,4548400,1318700,3814200,6441200,20278700,6428900,7181400
91533000,3076700,3327800,25997800,2343100,7740700,22525100,11565300,11751600,6387900,2725800,4050400,2979200,4606900,37652300,7796100,14083500,19684700,3152100,3271100,11357100,33111700,4828700,1374600,2550700,6490000,22005600,6439100,8638000
108123900,4102700,4815100,19543600,4789900,8090900,27049000,18125900,15298500,7641800,2777300,6181000,4428200,5386400,45576500,7056700,16724900,15053800,3272000,3728200,12925200,33169200,7384800,1451100,3135600,9887200,22029300,7784900,10235600
134520300,13114500,10033600,16042500,7226100,13074600,59678600,35575100,15403800,12735800,5234400,10775600,5633600,12968500,71393200,12486600,30919900,34781900,7236300,7180900,32989100,43084800,10256800,2366800,5277400,15089300,36469500,11970400,12279600
81000500,3882200,3518800,10519900,2755400,6736800,23277900,13772000,16649800,6391700,2506300,5498400,2935500,4089300,34004900,8219700,11680500,17705000,3263500,3728400,11778600,29928300,6211400,1136900,5726800,6241600,34258500,5493200,7972200
73409200,4172900,3419000,7713300,4008700,5864500,19942300,13735800,11403500,10383100,2463100,4678400,2906700,3791500,32571000,10593100,9842700,15207100,3054300,2900200,11935400,25939900,9884000,997300,5061000,5138500,23650600,6332700,6745000
72433800,3229600,3915000,10746900,6667900,7258000,33801700,15713700,11348800,9662000,2547000,3747500,3333400,4547900,30163000,10223500,11851500,17190900,1937000,2241000,14718400,25861400,8898400,1278700,4687700,4752800,21736400,6354100,6013600
89116800,4527700,8957200,13626200,4868900,12107100,30543800,11108300,11681200,9109000,3984300,10310700,4155300,11493000,38159900,9374400,14841100,18147100,3104800,3659300,25248400,33923200,10463700,1296800,15861100,7754800,28490700,8093700,10615300
70207900,2767500,3151500,8457400,3061100,6170600,22755300,9242400,10793700,7507300,2091700,2538600,2600700,3936000,29585300,5908600,11280500,12142100,2059200,2388600,11949000,24615100,12644700,762100,3907100,6121200,16974900,7140600,6629700
67083400,2430100,2649300,12125400,3327200,6668600,20091300,9183300,16812400,5169400,2276600,4052100,3181100,4064800,37824200,9245700,11590900,13150100,2381700,2408300,13523300,27295500,31296500,1061700,4978200,4354200,16615700,7825000,5133000
66242400,2610400,4164900,7489200,2436900,5430400,13450800,9082900,8653200,4392800,2475900,2460500,2428300,4161500,25437200,7097900,9338400,11795500,2997200,2821100,8657100,20069800,10326600,719800,3823400,4324600,13901400,6099200,6370500
98964500,3033800,4123500,8455100,4197100,9539400,24947900,10685000,10983500,5848000,2669500,4058000,2872200,4878000,35141000,10777200,15172600,15514200,2786200,3341100,18551400,31730900,9027400,1336100,3568900,7045200,18880500,15611700,6388700
71051600,2745500,2625300,7627100,3423100,4561600,24338500,7684600,10543400,5255100,1749400,2818300,1973100,4011900,40596300,5498400,10573600,15143200,2531400,3720800,11413800,22837700,7934300,1033400,2426600,4131800,14189300,9291900,5820300
73353800,2483600,4057000,10065900,3724900,4614200,24442600,11513100,10660600,5891000,2480900,3241300,3345600,6273400,33215000,5676400,12514200,15921200,2390700,3905300,9574400,22941000,9948800,1028000,3029600,4110200,19675600,6969600,6072700
74064300,4320500,4401300,6608000,3190600,4085100,17250400,12421200,8640200,5657000,1774500,2206100,2201900,3237000,26258300,5335600,10656200,13450500,1948600,3031600,10455300,23824400,6432900,1366800,2506700,4111200,14938900,5951900,7100000
66253700,3068200,4258000,7674400,4677600,4000100,22316700,12741800,7813100,5507600,2046500,3133900,2756700,3897100,33165400,5725800,10347400,14828400,2396700,3449600,8140100,20859900,7633900,1155100,2385400,4650700,13617100,6053300,5829100
64547800,2215400,3631800,5655500,2491100,2869200,11817000,7915500,7717300,4226900,1438900,1891000,1614800,2820800,22566300,3828300,8807800,11311500,1450300,2191300,7161500,19658800,5938600,689900,3092100,3621800,13959200,7066800,4917000
63141600,1805000,2373600,6176500,2773300,3689300,15245200,7056800,7643700,3919100,1519400,2453200,3224200,3904700,25904300,3645200,7939500,12702100,1478100,2693200,9507700,19455200,4935200,883100,1743600,5353600,12259000,6706600,3844300
77588800,2699300,4047400,18598200,2718400,7073000,17385300,8653900,8665300,6068200,1772600,2696100,2757600,3235400,30546300,4708800,11250900,14731100,2112800,2638100,7826500,35868500,6017400,1032100,2706500,6779500,20528700,5868400,4577400
71185600,2498000,2753800,9038700,2389000,6225900,16854200,9414600,12006400,6071500,1884100,2941600,1997100,4123200,27059200,5291700,12979900,13145300,2205300,2490300,6415600,29497400,5299400,1022300,3467700,7597300,13362500,5641500,4229700
78140700,2886400,4600200,9456100,2531200,6096100,17336200,10150200,11146400,4969400,3171900,2822200,1824200,5298400,36690700,5359600,26204800,14433000,2371000,2525500,6271000,25102800,6951300,1654500,3765500,5605500,10271700,8298400,6968500
76259900,2805500,3296600,7910400,2282100,6037700,19897800,7051900,14946700,4809900,3457600,2647200,2188500,4519300,32892300,5691100,18863900,21968400,2627200,2638600,9731900,29774100,7862000,1562000,5742500,7245700,13021300,7469600,7061400
81420900,2231400,3330300,13948500,2476400,3818200,16743800,7943900,10430400,4839000,6767900,2664000,1657000,8231700,30814400,7605700,13977900,10780800,2164400,2539800,8653700,20975000,6834800,1098000,3212000,4648900,16173100,4421100,4747900
82982400,3375000,3372300,14183000,2671400,4373400,22861400,9152100,13683400,6999400,5641100,2614900,2455400,29690500,53095300,13256400,11862300,10998200,2181300,2812700,8233600,25012600,8973900,1288300,2953500,4927100,14638500,5398300,5665100
64823400,2664600,2802300,8668600,2175900,5654000,15599200,7856600,15112700,5977700,3489800,2533400,1648800,9882000,36387900,7455800,11667500,11010500,2183700,2005300,11844000,22788300,5884600,1271800,4327500,4460300,29611400,5014300,6188300
65086600,2009500,4683000,8044100,2214500,3886000,15364600,6724200,8611300,10059700,2518800,1965000,1853700,11975400,29661200,5729200,11595900,11959600,2056500,1669100,8197000,22404700,4291400,2080700,2667600,4801300,32321000,5726600,6254900
66675400,1843600,9298400,7594900,1961500,3804700,14854600,5889500,7803500,5074800,1830300,2391500,2327100,6467200,41350000,4257000,7645500,11644700,2226600,1760000,6354500,21881300,6039300,880900,1850300,5071500,58265000,4429500,4538800
53623900,1771100,4213800,5764700,1845600,4407900,12954700,6210900,6726700,5933200,4024500,1910500,1941200,4702400,32263400,4437300,9394000,14941700,2860400,2354100,6364500,21056000,5079500,1176300,2337200,4357200,27180700,3825700,6845100
55138700,2528600,2812700,6053100,1767700,3886500,19513000,6112800,6346600,4130900,2054700,2690200,2324100,3645300,35925500,4525500,10675100,20118000,5272300,12551200,6414100,39348000,8459500,1107500,2637800,6141000,20571800,4566500,31797200
78620700,2180900,5029100,16356600,1856500,4960900,22349000,6223000,9684800,4342000,2081900,3233700,3506100,4175600,42571600,4648500,9337400,12142900,2718300,5030300,6966300,45994000,7437000,1456300,2268100,17432200,21560500,4722500,14053200
81378700,2214400,3587900,8729100,2229200,4562100,17576200,6574300,7970300,6137900,1820700,3992100,3653900,3913700,56662300,5513000,10384800,10837000,2849100,3094200,13909800,33459300,6773500,1458700,2344500,7477100,22051900,4400400,11087400
101786900,3289700,3197900,5743500,5188100,4751400,23701700,17143700,10320000,9754300,2112200,3236000,2907400,5786800,125292400,6451400,12944500,13734200,2653800,3998300,14938600,32152800,7560000,1361100,2945700,6059700,23129800,9741500,10047300
67829400,1960500,2295600,18321600,3185100,3997100,14153400,8017800,7769700,5913400,1476500,3303900,2333300,4142100,52513400,5461400,14740400,12831500,2384000,2855900,7343300,21539600,4802900,1263300,2335000,8028400,18612100,5538300,8332100
59907000,2295100,2562900,10874300,8193100,4317900,15005400,5928300,9093000,5797800,1862900,3091000,3335500,4403600,53929400,5794200,14942900,15241900,2375200,2697700,7443000,22754200,6334400,1656900,2114200,9939400,18710300,6274300,6565000
82507500,2061400,2609300,6709100,4155900,5786300,14943800,8751400,11243000,5139300,1770600,3329400,2535100,3088500,59513900,5010000,14394500,11317000,2305300,2735500,8187600,23518900,5986500,1142600,1802900,9520100,17314100,8437400,10667700
55474100,2650600,3693300,5039600,2478900,3759700,15249300,10640000,7322400,6963700,1533400,2718400,1701200,3179800,54046300,5651600,18033900,11795600,2089600,5904900,7993800,18098700,4332000,968200,2368000,6789700,29704300,5091600,17702000
56697000,2723900,2513600,4709100,1908500,4090300,19533900,7170200,10100000,5954500,1876400,2029100,1848700,2586500,40205100,5235500,14174600,10445400,1818500,4187400,8801200,16774600,4162200,882300,2373400,5553700,17297500,5611600,10669000
60276900,2784400,3080700,11293200,2655000,3396800,15465600,5966900,13025900,4511400,1460000,2505100,2077700,3821200,41534600,4629800,10332500,9165200,2253500,3148500,8149400,18739200,6071600,915600,1656400,4063400,20597000,5132900,6058400
63135500,2061600,2997900,6064800,2460000,5851700,12826200,5842200,8776500,4339000,1587900,2607000,2281600,3496000,48202300,5532500,10233800,7910900,2315800,3033500,13215500,23405200,7377600,1022300,2147200,4596800,14554000,5469200,6441700
70170500,2628600,3225400,7181700,2304300,4179200,18935400,6145800,26398700,5998300,2459500,3863400,2639600,3664000,42243300,5603400,12847300,8857300,2967900,2547000,8140200,24687800,6951800,1128800,2291400,5746400,16402700,5888600,8417000
57149200,2686900,1968200,4996800,2538900,4175100,15849000,7888600,50375000,5066200,2360800,2444100,2392700,3501900,35569700,9328700,11684900,8507800,2007000,2298300,7396800,20065900,5582100,1301900,3006200,6639600,15407300,4553700,7951500
68039400,3461100,1942600,4345200,1864800,3846200,16967600,7244700,21964800,4389100,2369000,2273800,2257800,2766900,37675200,14606900,9906700,9489300,1530800,2346800,12317300,22619700,4407900,867400,1981000,6443700,15090900,4416300,8875000
54091700,2659100,1852800,4734700,1752400,2768500,15456100,8975200,24628300,5991700,2045700,3917300,2307900,2791200,25400600,10072000,8456200,9863300,2342700,2338200,6339800,18085700,4279000,793300,1447300,5290600,15713600,4783300,8838700
56377100,2206100,1876000,5259600,1959300,3835900,21153700,7218400,14607300,3925900,1740900,10089800,1661200,4313600,25000200,7453600,9555000,9569600,1828000,4392500,5661200,18102900,6189800,1101500,1773000,6564400,14112800,6892800,30591100
79542000,1882200,1804100,6533500,1576200,3181300,27975600,6741100,9140900,4198000,1576300,3162600,1661200,3667600,29176100,7406600,8149300,8144000,1699100,4876900,6486000,18253400,5108400,1564700,1471700,4902500,11294400,6499300,13930700
62290100,1888800,1397700,4404600,1750900,2791600,39999900,6477500,7343900,3561500,1102200,2899600,1509200,3177700,24598200,8312100,9531800,6532000,1591900,5654300,6111600,17186200,4750200,890500,1486400,4516400,25957400,16450400,6399200
70346300,2207500,1895400,5736100,2003600,4346100,23130400,6834200,8702500,3517800,1812300,3489100,2040700,3155800,31425500,8128500,13464500,8921100,1833800,12713200,8828700,20570000,5967600,1022200,2258000,4178800,19485400,6908700,7639600
69026800,3078300,1969300,5312300,2008900,5182900,20534100,9147000,11575800,6342700,1723900,3144200,2588000,3093600,51006100,5462600,8967600,9087900,1986700,10183400,6652100,25061100,5802900,949600,1672900,5139500,15031400,6320800,6222400
54147100,2659700,2885200,3425200,2444900,5076800,13764600,10354800,7180700,3894500,1538000,3317500,1607600,4141800,30687100,5566300,7607000,8443800,2211100,15358400,5208800,17527400,4806700,847000,2039600,3525500,19014200,5044200,5651700
53841500,2329200,2029200,4211300,2503200,11438800,14946500,9468100,7840500,6957200,1530800,2495600,1351800,2855400,25105700,5684300,9771300,6844700,1777200,15430500,5553300,18137000,4769000,723200,1761200,4230800,17384400,7603000,5255500
51218200,1725400,1936300,4949400,1888700,24025600,23039300,8050700,6920900,5736200,1763900,2529700,1631500,2706000,29799100,5678700,10758900,7913900,1330400,47355600,5884300,16583400,5433700,1231300,1965800,4495000,14327600,6433300,6471500
78961000,2969400,2373700,4957400,2560400,11074700,20309800,7765800,7807400,5777700,1703900,3315500,2837000,4185300,44851500,5667100,11276200,10089500,2357800,38384100,5695300,27549300,6203600,1161500,1906700,5060200,16795700,6927600,7110600
73314000,2113000,2693600,4727600,1996600,9329900,13425700,8462600,6882700,9304900,1835600,2711800,2095700,2783000,32976800,5259200,8117300,9115900,2017500,50532400,7850200,20338500,4132400,819600,1594000,4476200,15039500,5316400,5793900
77906200,3673000,2104500,6248600,2691200,8079400,14279100,8814300,8060000,7452200,1830300,2892400,2224000,2407900,40182500,6973300,10745400,8456800,2051300,34478500,6754000,22767100,5129500,953900,2013400,3918200,20705100,6668800,4822700
87991100,4303900,3271600,4123500,2656600,9166100,23006100,13582700,7353000,6069600,2488000,4376200,2629300,3490400,44074500,8741700,10738300,14633600,3119200,31642100,11602000,24791800,8884800,1514300,2891300,6559000,28368200,7828500,7486900
74229900,2488200,2425200,7652000,2686200,9924000,16236400,8244400,7718700,6378300,1575100,3742500,2242600,3396200,36440700,7509600,9979800,14939700,2577800,31014400,7528600,23263400,5590800,1041300,2085300,5608300,21641700,7461500,7247300
76957800,2325100,2028500,5262800,2185400,7315700,14720900,7526600,8465100,5124900,2215400,2753600,2748400,3040600,34893300,5803700,10666600,11809800,1791300,12320600,6997500,22855400,7763800,1244400,1944200,4508100,21155700,7259700,5744800
73714800,2102600,2797600,5210500,2141700,6373700,14366100,8550000,9537300,8104700,1578100,4110000,2548900,3347100,46989600,7394600,9751900,12181800,2645700,30733600,8244300,21328200,9158900,963500,2711900,4547800,23898600,8700000,7299900
87449600,2127300,1766400,5298600,2166900,6211400,18297400,9442100,8193900,6517500,1496600,3016000,2344300,2401500,37329500,4590600,10647900,13290700,4185200,37568700,6121700,24126700,7238300,1569900,2504400,4098300,25548300,7661200,5686300
84923800,2895800,3399200,4949100,2245700,6659200,14231500,9232500,8443300,5964100,1755600,2703200,3506500,2964600,37359500,5838400,11435000,17193500,2448900,25741400,8109200,20319900,5628300,1404200,1557500,4377600,28753200,7744100,5652000
68028800,2318000,3543500,5775800,2279600,5642300,15499300,8261100,9563100,6265600,1445600,2769200,2909900,3291900,34069500,5500600,9299700,11855900,2007000,26220100,7480100,22084700,5171500,1572700,2495500,4885600,20259500,10234200,5380200
104956000,6294600,4146300,5363100,1937200,6353400,17923000,8920800,7923400,5042800,1563200,3632900,2766700,3741100,38305500,6365300,8614600,13026900,2204300,18971900,6351500,18747700,4836900,1444500,2792000,3812300,18553200,9084400,4761500
122656600,4447200,3519800,8724900,2207500,5463200,23028600,10308300,10504600,9104300,2242100,4797200,4858500,4565600,71417900,6726400,12904600,18532800,2604900,7765500,7650000,33353300,5955600,1247200,3172500,5217900,21284500,9039400,5895800
87965400,2715600,2840200,8478000,2295000,6037300,27551500,11160800,8610400,11484300,1953300,4194400,4949900,3819100,40767200,9555700,9345700,12881600,2745200,5670500,9418700,23913000,4888700,1508900,2648100,4632800,23152200,6422700,6644900
90481100,2206100,2371600,9792800,1933100,7012200,18148600,9665000,9739800,6535500,1489400,3896100,3452100,5141700,39919100,7174500,10821400,11451900,2289500,4052800,8006800,31530900,6598900,1275800,3058100,6099300,22763400,10889800,6729800
162278800,4604100,6527200,10310700,5088300,9882300,32696100,43741600,15978800,10059000,2946800,9535100,6417900,9839700,72748000,20201500,14844100,20493500,4304100,7261800,14842500,39791800,8000800,2493400,3981700,9398200,45069300,10565800,13958100
81474200,1981400,2472500,5150700,2923700,4874800,13667500,6813800,7979500,4900300,1652700,3047200,2416200,3981600,33151900,7380900,8201300,12596200,2195800,3190300,7748600,26826900,5162300,1040100,2130800,8133600,18960900,5372700,5617700
107689800,1745900,1725900,6737600,2512400,5505700,16813900,8955200,6957400,4996000,1569900,2940700,2478800,2837500,31129000,7143400,9619000,11984600,2140200,4155200,5454800,26660300,10006600,1367200,2421700,5292500,15561200,5080000,4654500
101696800,2186300,2599900,6244300,4061900,6164400,21415900,6877000,9776400,5819100,1796700,3173500,2505400,3389500,39977300,8071200,12606300,14165300,2438800,3735800,7190800,28625600,6279300,1047100,2427700,6705900,25612100,5001200,8301200
86652500,2081200,3249400,6311800,2508400,12405100,16691000,6981100,10953400,4652900,2239900,3515800,2229900,4046600,36092700,7401100,11684500,11657600,2300500,3678000,12329700,31061200,9638800,1132500,2285600,6604700,19806400,4933900,5581500
96029900,2148600,3035600,8927900,4047200,9175800,19067700,13919700,11976900,6729600,2918500,3527900,3202300,5195600,43491100,9598600,18138600,14824000,2672100,3683700,9038500,34176000,9026500,952800,2536900,10755800,19439700,6093600,9065100
93339400,2454000,3808700,7095100,3213400,7862400,22694800,9444000,9760500,5497600,2308800,4181800,3271600,3987800,44786400,8735500,15753600,18670100,3179100,3597900,8841000,27694200,8521600,1435200,2867400,9914600,21345700,5483400,7670400
84442700,2009800,2828700,6682300,2753500,7046600,15027900,10121000,13360200,5444700,2007400,3701000,2692400,4117200,44121400,8686700,12793600,23829300,4193800,3324300,6532100,27018700,9890300,1407900,2583400,9799600,20357700,6142300,5723900
146691400,2782400,5269500,10257200,3694800,7908400,23217700,8279800,12895500,8315400,2289700,5816600,3077800,4996400,40433400,8660900,12762600,21480100,4202400,3677800,6840000,29029700,9423300,1672800,3027300,9751000,20567400,6680100,5612800
128138200,2335700,2280700,8905400,3518100,8602500,19496400,8197600,9435100,4904800,1930800,4518600,3117000,3817700,41831300,7008100,12713900,14570700,3053200,2315800,6601300,27484200,19339200,1456400,2392000,9105200,17806900,8232100,5080500
124925300,2543400,3717200,8383000,2963000,7575600,27989900,9402700,12094900,5869800,1970800,4789100,3810300,5346100,43821000,8985200,15973400,16124600,3629300,3112800,9035600,35694800,48176100,1400200,3116000,9472300,23523600,8035300,6534100
114311700,2521700,2677100,7962400,3444700,6819900,22203600,9597400,9468400,6868700,1938800,3580000,3379000,4261700,44096200,8657000,12248100,16277600,3286700,2916000,9186900,28880400,19108200,1086500,2562400,8842300,21495300,8336200,5858300
87830100,2331000,2408800,7235700,4008200,8017900,22889400,9520200,10229000,6959800,2399500,3641300,3691300,4566100,42427500,6236100,16013600,18861400,3685700,2802700,7373000,34888400,15114800,1063800,3189800,7081400,25922500,6426700,5378100
79471000,2060400,2073800,6268300,3067400,4256200,14289700,10633100,7562800,5564500,1992800,2728000,2940200,3212900,30120000,4539400,10943500,14324900,3033000,2560100,6065700,20347100,12732700,807300,2281800,6119900,17797900,5308000,4851300
68402200,1523800,2526000,4454700,2415000,3853900,18198800,9498300,6728200,5430600,1367400,2641500,2599200,5074600,33985100,5890700,11521400,17192800,2999200,4328100,8055500,20239900,9951900,949200,2187300,5163000,36663300,5417600,4733500
85925600,2060000,2579600,5097400,2759200,5956700,19055400,9972500,7051000,5265100,1790100,2406000,2961600,4499700,57215500,6363500,11681100,11479800,2294300,4296500,8837400,37769600,8554700,1058900,3273700,5610300,31838700,11291100,5693500
74899000,1630100,2893400,6829900,2633900,5497800,16628400,5904500,9532300,4686100,1309600,2115400,1932100,5990000,43409300,5315600,8931700,10239100,2668700,2582400,14485000,29743600,7991200,785400,2459100,4743800,21622200,10560000,3803900
77033700,6256000,2588700,8508400,2542400,7415000,19386400,7533300,8900900,5222700,2392800,2771900,2908300,4043100,48134900,6212200,12739700,14303900,3169200,2895400,9743500,30474000,11903200,1333300,2844500,6294500,27708900,10981800,7092000
70433700,2639800,2397400,6393000,2260800,5707100,17279900,4942000,6156200,4982100,1763800,2258200,2728000,3338800,39634100,4341700,13181000,18377400,2709300,2751000,8522200,21903900,8772900,1222000,2254300,4884300,23336800,9555900,5649200
113224000,3288900,5232300,7842300,3745900,6548600,26328300,10227500,11025400,8304900,2724900,3881600,3223000,5837500,62447000,6465100,22398700,16220700,5026900,4772700,9382800,42551800,9335000,1950700,3999700,8426400,33118100,21806900,6848500
88598000,2864400,3871900,6093900,2830200,5736300,19571000,7327900,8202100,5888400,2397600,2783100,2970300,3762400,48185400,5684600,33387100,15997900,2918300,3459300,9847600,30198600,7811700,1218800,5628900,6449400,26019000,10479800,5547000
85250900,2577100,3139300,9073500,2940000,6288200,27845200,5890400,7083800,6195300,3118600,3426700,3437900,5458600,39416500,6710800,22276300,13721400,2758200,3003500,12139700,28142300,8451900,1460700,3282300,13952100,21962900,13122900,5937500
99136600,2060000,3963300,6146300,2674000,16354800,18223300,5631200,8533500,8009100,6428600,3166500,1978600,5120300,51126900,10883600,21539700,11823100,3123600,2564000,9530400,26329600,7364700,1670000,2345500,5209200,27488600,10005500,5614100
61758300,1883000,2803900,6321900,2088700,6220500,19071700,9766800,11731000,8371500,2363800,4323000,1688000,5906600,33882300,10044600,17072000,10182300,3021300,2578600,8546100,19985700,5102000,2176500,2500500,4927000,29563600,8462600,3779800
64522000,2058000,4319300,4331700,2953900,9203400,16830500,8871500,8212400,9259900,2382300,3959500,2687500,13623100,33247700,5659900,12207400,16905100,2410700,3142900,7626000,21811000,13500000,1702100,2390800,5706700,35523700,6223600,4251600
86548600,3531200,11755400,5451300,3483800,8335500,25035000,7971300,10193400,7483600,3545700,3429100,2959800,7201300,53058700,8487600,20593300,15034100,3254900,3342500,10297200,26299700,7976300,1471700,2896000,7582500,51671100,9883800,6044900
75981900,2883200,4299600,5177800,2919500,6259200,18785300,7007700,8221500,5645700,2232600,2937100,3271000,5610900,43831600,6855500,12624200,17416700,4125100,3394100,11414900,24911200,8847100,1649700,2627100,7299200,28844800,7655600,6268900
74732300,2548900,3889100,6515600,2545000,5804500,19165200,7280600,7687500,5202500,1837700,2791600,2907100,5957600,32205300,5661900,11289100,28829900,2689000,5014700,8747900,34775500,8639900,2059800,2411900,11907200,25496500,6596900,5017100
88194300,3008900,3559100,29406500,3546000,6617500,20051000,6865300,9203700,6020700,2176700,2615000,4202900,5139000,37111100,6123800,11667000,15831400,3582600,4628000,10374700,82543200,8648200,1926000,2863500,15450000,20328200,5739600,6918100
109180200,2260900,2101300,13754900,7872200,4987700,18102500,9177400,8673500,4524400,1998800,3041500,4754000,3993200,56305100,5390900,10727600,16026100,4145700,3716500,12218400,40424600,8617900,1143500,2212100,7946700,20268000,5581600,5534300
164762400,2924100,3383100,7941100,5161000,5055400,17978300,10773900,7250900,6943200,1677100,3243100,4892700,5965500,91695700,6073900,11859500,12888900,4647600,3812600,11228000,40647700,6022400,1750700,2761900,8455600,31824300,6883500,4549400
97943200,3033600,3042900,6212200,3786100,4878100,17793700,13281000,8814800,6434000,2224000,4210900,4433400,4915300,59507700,7810000,13295200,14016400,3336100,4326200,11043800,28357300,6426400,1544800,2770400,8674100,26630600,9705800,7524000
80379300,2062600,2675500,5758600,2717500,4545900,12088700,9185600,7955800,4892300,2316600,3309100,4376600,3590600,44418700,6985000,13386900,10659500,2740900,2131800,11079300,30592300,7250700,2154400,3338900,5919500,22968900,5473100,4938100
93604600,2637300,2851600,20236100,3150000,7238200,15308800,8087500,9583200,7310300,3221200,4426400,4692700,5360500,51956100,6877300,16546100,14549200,3069900,2561700,9503500,38407000,7176600,1837900,2696200,6985600,30648900,8126300,5174000
97918500,2779500,3960500,16212600,3570400,5999400,17895600,6607800,8978400,5122300,2515600,4823900,4653700,4442400,39678200,4819900,12474400,9194000,3225400,2006900,9912700,36633900,6550300,1186300,2245300,8236200,22329800,5609800,3658800
140814800,3402000,3322100,9396200,4973800,14265300,19648700,7491900,11035800,10593100,3172700,4401600,4125000,4178000,43051900,5300900,14953200,9725900,3256500,2320600,8877600,36789100,12543300,1019200,3513100,9680100,17599400,7478700,4889800
83374600,2926700,2918000,10220300,3405600,7379900,21383000,7578000,11355200,5849000,2526900,3260200,2671700,4043100,34389800,6621000,12011200,8849700,3029500,1914300,8644500,33498000,9094500,1273000,2540300,7821300,19697600,12631400,3788000
89908500,6911300,3846000,11274500,3676600,9101800,17503100,6308200,27130300,4739700,3501300,3371800,2631300,5042800,36258000,5148400,9884100,10081600,2628800,1824800,8503900,28192500,7017800,1184400,2797000,6943700,17392700,8082900,5022800
74917800,3469100,2425500,8893800,6248300,5588500,19311700,8021700,62029800,5089900,3047200,3071400,3040400,4720000,30544800,6150000,9494000,10115200,2610800,1782400,10602900,27852900,6550900,999200,2672600,7320200,17574600,6830500,5310700
118854000,4083200,4701600,12375000,4590800,8777900,27190100,6981500,36968100,6592000,3790400,7794000,4354600,5389000,62943900,7877500,16351600,16804800,4510900,3159700,9556000,46268000,9361000,1618000,3426400,8048900,23049000,8825000,6770200
93979700,3255100,3714600,8894300,3585400,7382500,25961800,8428300,22373300,9009800,3409100,4945400,4226800,5871300,49826500,11074700,10704700,18972100,4742800,3429300,13342800,34620200,12597500,1403300,7034300,9601000,22981000,13101300,6423600
73374100,2812800,3666500,5598300,3217700,6580100,21091300,9722400,20598000,5484400,2609100,6394800,3074000,5293500,39395300,6581500,11085600,16361000,3357400,2615300,8958200,31123300,7134900,1427300,5238400,5796100,23028500,8301900,12508600
89868300,2763200,2916900,7207900,3371000,8116100,19318000,7747300,15801900,4445700,3192400,9290400,2367400,4727100,40933200,9351000,14038300,13295800,5429100,2515100,7965900,31390100,7242900,1445900,5103800,7316100,25074100,6767500,25516200
64218300,2443500,2635300,4438600,3062000,6454700,24939600,7941100,11137700,4294900,2303700,5249500,2446900,3445200,35582800,5500900,7893400,14199500,4132700,3208300,8757700,24093300,5998700,1073700,3430800,6125300,18962200,4833200,10864400
80389400,2172000,2769600,4878600,3256900,7357900,38887800,6550500,12306400,3620400,2297600,3642100,2689300,3954000,31983300,4464100,8820200,11212600,2467400,2249000,8496800,23123500,5252900,1315200,4246300,5385600,18780400,5910300,8263800
74829600,2371700,2631300,4693200,2868700,7555700,30843200,7661500,10011700,3751300,2384500,3559300,2974700,4661700,27122200,6555700,9468500,10415600,2699200,3176100,11626300,27613500,5498900,1470500,3566000,8028500,17821700,6945100,6329000
58724100,2795100,2003500,3501800,2522600,8015900,17049500,8432900,70273500,5719800,1877500,4069000,2346500,3476200,36086800,5706600,7800500,15399400,2974200,2153500,8899300,26394700,4774800,1208100,3349600,10450900,19184200,5107800,7052400
51804100,3636000,2124600,4370600,2523300,7017700,16367800,9018000,25753700,4495500,2019400,6054700,2516400,7062100,25584100,4707900,9185700,12319600,2770400,1757100,8295700,19665700,5313200,1137900,2567400,5273100,19809500,5697300,5632800
58301400,2875600,1404400,3523500,2311300,5558900,12065600,5831200,15503200,3354800,1865400,4243400,2686700,3658200,23143900,5389200,7316200,8990400,2514800,2349700,5749600,19508500,3873100,1120300,2238300,3807300,14170000,3889500,5640200
35195900,1220700,665800,3476900,1034800,3023700,8492600,2796400,6664300,1648100,1129300,3393500,1119900,2075200,11314900,3058600,3220500,5165500,1596600,882400,3163700,9200800,3426100,514700,1419200,1993500,7725700,2225500,2925800
69246000,2375900,1782900,5355500,2862100,7931700,14976600,9365500,13660000,5657800,2232200,4733700,2642600,3538100,28267900,6183100,9906900,12267500,3160500,2773500,9524500,24778200,6967400,1467600,2699900,10229400,21560900,4687900,5891600
83763800,2135300,2655700,5077800,2277900,6398100,13779300,6985400,13205300,4905000,1746900,3505600,2101700,2754700,24361500,6700500,7925300,10969600,2873500,1863100,9352400,17956300,8494400,1095400,3751000,8986900,14008800,3213600,4613900
111380900,5776200,3914700,6778700,3850000,14591500,29919700,10936700,15368100,7194200,2964100,15106500,4675000,6377600,72072500,13288000,14761200,30433900,5196500,5830600,20305800,47594200,16251000,4132400,9688900,13918100,31358800,7591800,10446000
71250400,2914600,2670300,4517500,2504700,33721500,18559500,5217400,13855700,4757300,1706300,3830100,3990400,4495900,38896300,6282600,8858500,12001400,2599600,2638800,10110500,26041500,7822900,1077900,2997800,11261500,26276600,4511400,7577400
65447400,2267000,2285400,10563800,2218300,15086700,12325100,6852300,12608100,4858300,1932300,3644100,2194300,2900000,31546000,5823900,8931900,13643500,2807500,1821900,6943600,21528500,5892000,1294900,2346200,5132800,21677100,4857600,6911000
68826400,3274700,3013100,10456300,2064500,20294600,13795900,8162200,10764500,5109900,2329600,5057300,3077800,2784600,34040400,5120600,10154500,9185100,2586900,2143100,6961900,23435300,6220100,1104500,2424800,9006300,27561000,4501800,7869400
64727200,2608800,3285100,8236900,3633800,16981800,15443800,8765000,11492400,4373400,3081900,3341500,2518400,2847600,27701200,7943500,13966700,10099500,3573000,1919500,7458700,22463700,7086100,1199100,3097700,5986000,26293700,4326300,6875200
69721100,2492600,2879800,5871200,3044000,12915900,15171700,6936300,10353400,4248500,2128200,4038200,2983500,3971300,28239900,5702600,11739400,12307600,2766400,2701500,8270400,20481500,5751500,1217900,2849100,7923800,23065900,3775600,5850100
62128300,1769800,1632400,6707700,2189400,15156900,16015800,8076600,9351200,3815800,1967800,3483600,2169500,2665700,28486100,4798500,8907300,9946200,3022700,3785300,7354800,22611800,6192800,848700,2272300,4896500,19549100,3587900,4504200
76097000,2205700,1761200,6359000,2257000,10287500,14303200,10754300,10111900,3807000,1588800,3738800,2260000,3047600,25641300,4561000,7957800,13914900,1677400,2334900,9667800,20609700,5677700,843800,2852400,4928400,20671200,7710800,9309800
70462700,3427400,2773900,8098400,2709200,11852400,15425300,9364900,14140700,5208100,1750400,4900200,3347000,4032800,35117900,4882400,8841600,11647900,3230500,3877800,10956600,30665100,6426000,1249600,2714100,5941700,19629600,6156800,6477400
93886200,3871300,3110500,10975300,2945200,12579800,22705900,7838800,22882100,4884100,3062600,5787700,3449800,8811500,58546800,9177500,10025400,17521600,3390100,3256900,15836900,42196900,8655300,1455200,3369700,14585000,30176800,6089300,7802700
82291200,3795000,3556200,5814900,3513800,9611800,19050400,7045500,11505400,4064300,2519700,4546000,2545900,4205900,37141100,9533600,9966100,12826700,2660900,3095700,10788300,35410900,7528500,963600,2654600,7001700,23329800,4575300,6778200
98931900,3200400,4282200,5343200,2953200,10807300,19372500,7272900,15957700,6189600,3163700,5056900,3221400,6687000,45682700,7602400,12087800,12212300,2735300,3336500,9871400,35560400,7500700,1241700,2963800,10831800,33007200,5693500,5838000
160156900,8789000,4510600,7906800,7610700,15464700,66125400,23876000,26383900,8969100,5008800,9615000,7128500,9834400,81104200,18841800,21133700,33631500,5932500,7599800,29465900,86102000,14083600,3364300,7109100,12472900,62763800,10867100,13447700
79592600,2679800,2546000,6605400,2622400,9441400,17986300,7131600,19225300,4674700,1646700,3000600,3089800,5282900,37662500,5736000,9017200,10919700,2160800,2440100,6949500,29696400,10620300,927700,1808100,4893600,26127200,5436400,5022500
77432800,1609100,1607800,6156800,2649900,8455500,15086200,6199100,14918400,4003400,1623000,2632200,1875900,5156500,31863300,6174700,8549900,10286500,1785600,2903000,8022000,25150800,17147900,1049700,2086100,5024900,24147300,4716900,5669800
85928000,2057000,2107100,9175400,4143600,9313200,15599400,5479400,11004800,3840500,1923100,2610400,2625200,3793700,28100900,5472000,8051700,10411300,2366800,2578100,6640900,23690600,32777300,1242200,2182000,4086900,24504300,7081600,4575500
77852100,1979100,2901100,6924800,3129900,9968600,23118500,5755000,15487400,3340600,1528900,3064400,2220000,3337100,47478300,5709100,8648200,9666700,2366700,2188400,8373700,28651700,17147600,967200,1851600,5690300,26865300,5997000,4360800
63814900,1465500,1671800,3983600,1959900,5821300,9554400,6079100,11171600,2634200,1062000,2064900,1300700,2092500,23600900,3683400,5091900,6463300,1269000,2609300,4547400,21207000,6603700,660800,1292300,3246000,16918300,3476700,3182500
69007800,1604700,1858500,5014800,3381500,8300800,12066200,5168000,11561400,3094500,1035000,1610200,1461000,2742400,29548100,3067300,5411000,7320700,1674700,1811200,5125800,16688600,6661100,518700,1596700,2904900,25315900,3940100,3348200
85438400,1349500,1490200,4426300,2270000,6249800,9847400,4494400,12399500,3340300,1117200,1568200,1607300,2539500,26176900,2645400,8827700,7159400,1427800,1961000,5107800,17457100,5437800,733400,1694200,3139200,21793200,4008900,5082100
75703700,1446400,1758500,4518900,1652500,7628800,11396500,4142100,13045100,2743400,1273600,1559100,1879900,2337200,30944800,2828800,6585200,7169300,1393900,2060800,4467200,19770700,4588600,676500,1379700,3675500,17347000,5251500,3057300
76960600,1621300,2247200,4005100,1521100,5628700,13198500,5001000,23218800,2696200,1031400,2580800,1597700,2858000,30997900,4216600,9290300,7649400,1720100,2094900,5498000,21930800,4353100,608200,1849300,4159400,43999100,5404200,3834800
112117500,2594800,2762200,8624600,2651900,8196400,17718900,7565400,14997100,3962500,1589700,2822400,2219300,3338600,31308000,6344900,11054800,12180500,2743800,2612800,8062500,25740000,8124800,983400,3525600,4202800,31330700,7377200,5749900
89113600,1773800,2620400,9746900,2387900,14322600,18339800,7684500,14957200,4527800,1881000,3560900,3860300,3869200,37665200,9788800,11687600,13387900,2584100,2769700,8698600,50623400,8550700,1015300,5070400,6606200,28779500,7987000,4446100
80962700,2056000,2505700,6913300,2355900,8493500,17372100,6088200,11622600,4803000,1397800,2935100,4057500,2866600,33552600,6255300,8381300,9814700,1945600,2606600,9578900,39585600,6046700,973500,5497100,5246000,29987200,19328200,4424800
87686600,2887800,3077400,11245700,3944300,9144100,20823000,7189400,9823200,6098000,3097300,4022000,4056300,3573600,31760300,5703800,10027100,9987900,2855400,2417000,8631400,43597700,10078500,1282200,4840700,6828400,25995400,10009200,7076300
70790800,2160700,3219400,9005600,3417100,13679700,13938000,8385600,11675800,6510900,1989000,3466300,2627400,3987700,37493200,7925300,8482300,9442600,2654600,2871300,12858800,27369800,9397900,1111600,3702800,6294500,23062200,9435000,5918900
63896200,1783400,2198400,8183200,3011900,6527700,12474400,8307000,6914600,6611700,1610100,2111300,1775700,2152100,23008100,5047500,9048700,10134600,1718400,1648100,12122800,27033900,5899900,959100,3164000,10857000,16695300,6341200,3990200
69458900,2044400,3113600,7190700,2402400,13595000,12530900,6962600,8757300,8926300,2127000,2864800,2919500,3268700,30375400,6494800,8703700,10823000,2391400,2013500,8626500,28669300,6989200,956400,4274200,5408200,20674800,6098700,4944900
71379600,1454100,3322400,8208100,3881500,11678000,14241700,6891400,19764300,7305900,2103100,2481800,2964200,2715900,28963900,4269400,11001700,13907300,1933000,1839500,8914800,27269500,8366400,761100,3726800,4264400,16980300,6056100,4157600
57758000,1696800,2390100,6210600,3066500,8376200,12649300,5723400,12220500,4040000,3307200,2798100,1996200,2455700,31346800,6088000,20196500,13984700,2168900,1693000,5757800,21317700,4854700,1005300,5384300,4282900,17226700,4177200,4566600
63646600,2472800,3073400,6150700,4100100,9407600,19290800,10697700,14914200,5948400,14448300,3988900,3281300,2986500,34759100,6053300,14292900,18327800,3640200,3510900,10241100,29831300,6172200,3883700,4495600,6101100,28697000,6820200,5040800
69672800,2218100,2762400,5403100,3361400,7812600,19882200,8899200,11384500,5641500,5585200,2952200,5101400,6445600,44199600,7047800,13392600,19679400,3276500,4258500,8799500,30028700,6828800,1750300,4398200,6558000,22976500,7128400,7558100
58280400,2090500,3852300,5813500,4885200,7070100,19118600,5907200,10973600,4997500,3100400,5359300,4549100,4833900,36886600,6939500,13303400,14894500,2845400,4979700,6772900,28623000,5273500,1461600,4549600,4853100,24812600,6165200,5780700
79972200,2574100,3953900,5467800,2963300,10117500,21842200,10467000,14540500,6709400,11243700,3723700,3976500,7152700,35026300,8606400,13075000,14226400,2587400,4373100,9211000,35323400,5664900,1625500,3519500,5206500,23151900,5596000,9841500
81760300,2025000,3608700,5481900,2610200,19922900,15180500,8381300,11479100,5213700,4915700,3237900,2799700,5898400,38795800,8425400,10487100,12613400,2434000,3412200,8998800,31934000,5581600,1569100,3418700,5501500,34249300,6287600,4383300
66435100,1596900,2348400,4753700,3511200,6390200,14872700,5989000,8606700,5262500,2372000,2127900,3217300,4407600,24855100,10541800,6945000,10103300,2517300,10276500,7424200,40234400,5486200,2637600,3036300,5274900,32143900,6016600,4556500
65799300,1910600,2916500,16106500,2424900,9390500,14638700,6727500,10008000,5491500,1985200,2060400,2154700,7347500,28268000,7099800,8967000,11265800,3097400,5993200,6168000,66526600,5933700,2175200,3037300,4729600,26527000,5347600,4163900
54105100,2522100,3640300,7288100,2677200,13354600,12952700,14307800,9204400,8002500,1919200,3555300,1927300,17548500,56088100,6946100,7487600,11884800,2222500,4625600,9672700,33454500,5838800,1652000,3005000,7043400,19568100,4267900,5273000
70492800,2109500,13993300,5219200,2781400,9870200,13414200,19633700,10242900,6773000,2427400,2760800,2122400,8140700,148424600,6054500,7488700,14085800,2202500,4113400,7782700,26480800,5728900,1357400,3166800,11379400,17251300,5950100,6135900
